type,instance,num_var,NUM_SHOTS,num_rep,num_steps,compress,runtime,gpu_runtime,gap,best_energy,gnd_energy,success_prob,best_solution
7,precision_2_timepoints_2.coo,16,20,1024,10,true,0.00106113685,0.00038670769999999994,0.0,-10.0,-10.0,1.0,1;-1;-1;1;-1;1;-1;1;-1;-1;-1;1;-1;1;-1;1
7,precision_2_timepoints_3.coo,24,20,1024,10,true,0.001991697,0.00038033994999999994,-2.089831575765001e-14,-17.0,-16.999999999999996,0.05,1;-1;-1;1;-1;1;-1;1;-1;-1;-1;1;-1;1;-1;1;1;-1;-1;1;-1;1;-1;1
7,precision_2_timepoints_4.coo,32,20,1024,10,true,0.0010974318999999997,0.00036959110000000004,4.166666666666653,-23.0,-23.999999999999996,0.0,1;-1;-1;1;1;-1;-1;1;-1;-1;-1;1;-1;-1;-1;1;1;-1;-1;1;1;-1;-1;1;-1;-1;-1;1;-1;-1;-1;-1
7,precision_2_timepoints_5.coo,40,20,1024,10,true,0.0014271317000000001,0.00036371355000000007,4.838709677419343,-29.5,-30.999999999999996,0.0,1;-1;-1;1;-1;1;-1;1;-1;1;-1;1;-1;1;-1;1;1;-1;-1;1;-1;1;-1;1;-1;1;-1;1;-1;1;-1;1;-1;1;-1;1;-1;1;-1;1
7,precision_2_timepoints_2.coo,16,20,1024,20,true,0.0016154418,0.0009222115499999998,0.0,-10.0,-10.0,1.0,1;-1;-1;1;-1;1;-1;1;-1;-1;-1;1;-1;1;-1;1
7,precision_2_timepoints_3.coo,24,20,1024,20,true,0.00169723465,0.000677589,-2.089831575765001e-14,-17.0,-16.999999999999996,0.4,1;-1;-1;1;-1;1;-1;1;-1;-1;-1;1;-1;1;-1;1;1;-1;-1;1;-1;1;-1;1
7,precision_2_timepoints_4.coo,32,20,1024,20,true,0.0013975841,0.0006692797499999999,2.083333333333319,-23.5,-23.999999999999996,0.0,1;-1;-1;1;-1;1;-1;1;-1;-1;-1;1;-1;1;-1;1;1;-1;-1;1;-1;1;-1;1;-1;-1;-1;1;1;-1;-1;1
7,precision_2_timepoints_5.coo,40,20,1024,20,true,0.0017558722500000002,0.0006697577,1.6129032258064404,-30.5,-30.999999999999996,0.0,1;-1;-1;1;-1;1;-1;1;-1;-1;-1;1;-1;1;-1;1;1;-1;-1;1;-1;1;-1;1;-1;1;-1;1;-1;1;-1;1;-1;1;-1;1;-1;1;-1;1
7,precision_2_timepoints_2.coo,16,20,1024,30,true,0.0023370194500000004,0.0011432109999999999,0.0,-10.0,-10.0,1.0,1;-1;-1;1;-1;1;-1;1;-1;-1;-1;1;-1;1;-1;1
7,precision_2_timepoints_3.coo,24,20,1024,30,true,0.00169024015,0.0009532218,-2.089831575765001e-14,-17.0,-16.999999999999996,0.9,1;-1;-1;1;-1;1;-1;1;-1;-1;-1;1;-1;1;-1;1;1;-1;-1;1;-1;1;-1;1
7,precision_2_timepoints_4.coo,32,20,1024,30,true,0.00216055345,0.0009823556499999996,-1.4802973661668755e-14,-24.0,-23.999999999999996,0.15,1;-1;-1;1;-1;1;-1;1;-1;-1;-1;1;-1;1;-1;1;1;-1;-1;1;-1;1;-1;1;-1;-1;-1;1;-1;1;-1;1
7,precision_2_timepoints_5.coo,40,20,1024,30,true,0.00238178005,0.00106752105,1.6129032258064404,-30.5,-30.999999999999996,0.0,1;-1;-1;1;-1;1;-1;1;-1;-1;-1;1;-1;1;-1;1;1;-1;-1;1;-1;1;-1;1;-1;-1;-1;1;-1;1;-1;1;1;-1;-1;-1;-1;1;-1;1
7,precision_2_timepoints_2.coo,16,20,1024,40,true,0.0019956335,0.0012484751999999998,0.0,-10.0,-10.0,1.0,1;-1;-1;1;-1;1;-1;1;-1;-1;-1;1;-1;1;-1;1
7,precision_2_timepoints_3.coo,24,20,1024,40,true,0.00247359395,0.0012497707000000001,-2.089831575765001e-14,-17.0,-16.999999999999996,1.0,1;-1;-1;1;-1;1;-1;1;-1;-1;-1;1;-1;1;-1;1;1;-1;-1;1;-1;1;-1;1
7,precision_2_timepoints_4.coo,32,20,1024,40,true,0.0026229172000000007,0.0013501120500000001,-1.4802973661668755e-14,-24.0,-23.999999999999996,0.45,1;-1;-1;1;-1;1;-1;1;-1;-1;-1;1;-1;1;-1;1;1;-1;-1;1;-1;1;-1;1;-1;-1;-1;1;-1;1;-1;1
7,precision_2_timepoints_5.coo,40,20,1024,40,true,0.00228103315,0.00141890905,-1.146036670580807e-14,-31.0,-30.999999999999996,0.05,1;-1;-1;1;-1;1;-1;1;-1;-1;-1;1;-1;1;-1;1;1;-1;-1;1;-1;1;-1;1;-1;-1;-1;1;-1;1;-1;1;1;-1;-1;1;-1;1;-1;1
7,precision_2_timepoints_2.coo,16,20,1024,50,true,0.00274019185,0.0015537075,0.0,-10.0,-10.0,1.0,1;-1;-1;1;-1;1;-1;1;-1;-1;-1;1;-1;1;-1;1
7,precision_2_timepoints_3.coo,24,20,1024,50,true,0.0028629705999999996,0.0015912494499999998,-2.089831575765001e-14,-17.0,-16.999999999999996,1.0,1;-1;-1;1;-1;1;-1;1;-1;-1;-1;1;-1;1;-1;1;1;-1;-1;1;-1;1;-1;1
7,precision_2_timepoints_4.coo,32,20,1024,50,true,0.0023679959499999996,0.0015562359999999997,-1.4802973661668755e-14,-24.0,-23.999999999999996,0.8,1;-1;-1;1;-1;1;-1;1;-1;-1;-1;1;-1;1;-1;1;1;-1;-1;1;-1;1;-1;1;-1;-1;-1;1;-1;1;-1;1
7,precision_2_timepoints_5.coo,40,20,1024,50,true,0.0028857598999999998,0.00154730915,-1.146036670580807e-14,-31.0,-30.999999999999996,0.3,1;-1;-1;1;-1;1;-1;1;-1;-1;-1;1;-1;1;-1;1;1;-1;-1;1;-1;1;-1;1;-1;-1;-1;1;-1;1;-1;1;1;-1;-1;1;-1;1;-1;1
7,precision_2_timepoints_2.coo,16,20,1024,60,true,0.0032714187500000004,0.0019191359499999999,0.0,-10.0,-10.0,1.0,1;-1;-1;1;-1;1;-1;1;-1;-1;-1;1;-1;1;-1;1
7,precision_2_timepoints_3.coo,24,20,1024,60,true,0.00282263185,0.0019954150999999995,-2.089831575765001e-14,-17.0,-16.999999999999996,1.0,1;-1;-1;1;-1;1;-1;1;-1;-1;-1;1;-1;1;-1;1;1;-1;-1;1;-1;1;-1;1
7,precision_2_timepoints_4.coo,32,20,1024,60,true,0.0031977798000000003,0.0018570218,-1.4802973661668755e-14,-24.0,-23.999999999999996,1.0,1;-1;-1;1;-1;1;-1;1;-1;-1;-1;1;-1;1;-1;1;1;-1;-1;1;-1;1;-1;1;-1;-1;-1;1;-1;1;-1;1
7,precision_2_timepoints_5.coo,40,20,1024,60,true,0.00325148415,0.00183783815,-1.146036670580807e-14,-31.0,-30.999999999999996,0.75,1;-1;-1;1;-1;1;-1;1;-1;-1;-1;1;-1;1;-1;1;1;-1;-1;1;-1;1;-1;1;-1;-1;-1;1;-1;1;-1;1;1;-1;-1;1;-1;1;-1;1
7,precision_2_timepoints_2.coo,16,20,1024,70,true,0.0034397026499999998,0.00211574785,0.0,-10.0,-10.0,1.0,1;-1;-1;1;-1;1;-1;1;-1;-1;-1;1;-1;1;-1;1
7,precision_2_timepoints_3.coo,24,20,1024,70,true,0.00290673665,0.0021277365999999996,-2.089831575765001e-14,-17.0,-16.999999999999996,1.0,1;-1;-1;1;-1;1;-1;1;-1;-1;-1;1;-1;1;-1;1;1;-1;-1;1;-1;1;-1;1
7,precision_2_timepoints_4.coo,32,20,1024,70,true,0.0036550146999999996,0.0021609053000000004,-1.4802973661668755e-14,-24.0,-23.999999999999996,0.95,1;-1;-1;1;-1;1;-1;1;-1;-1;-1;1;-1;1;-1;1;1;-1;-1;1;-1;1;-1;1;-1;-1;-1;1;-1;1;-1;1
7,precision_2_timepoints_5.coo,40,20,1024,70,true,0.0036489933499999996,0.0021072032000000003,-1.146036670580807e-14,-31.0,-30.999999999999996,0.85,1;-1;-1;1;-1;1;-1;1;-1;-1;-1;1;-1;1;-1;1;1;-1;-1;1;-1;1;-1;1;-1;-1;-1;1;-1;1;-1;1;1;-1;-1;1;-1;1;-1;1
7,precision_2_timepoints_2.coo,16,20,1024,80,true,0.0032409120500000005,0.00241645415,0.0,-10.0,-10.0,1.0,1;-1;-1;1;-1;1;-1;1;-1;-1;-1;1;-1;1;-1;1
7,precision_2_timepoints_3.coo,24,20,1024,80,true,0.0039371939,0.0024195993,-2.089831575765001e-14,-17.0,-16.999999999999996,1.0,1;-1;-1;1;-1;1;-1;1;-1;-1;-1;1;-1;1;-1;1;1;-1;-1;1;-1;1;-1;1
7,precision_2_timepoints_4.coo,32,20,1024,80,true,0.0040785497000000006,0.0024629044499999996,-1.4802973661668755e-14,-24.0,-23.999999999999996,1.0,1;-1;-1;1;-1;1;-1;1;-1;-1;-1;1;-1;1;-1;1;1;-1;-1;1;-1;1;-1;1;-1;-1;-1;1;-1;1;-1;1
7,precision_2_timepoints_5.coo,40,20,1024,80,true,0.0034824708499999997,0.00255894105,-1.146036670580807e-14,-31.0,-30.999999999999996,1.0,1;-1;-1;1;-1;1;-1;1;-1;-1;-1;1;-1;1;-1;1;1;-1;-1;1;-1;1;-1;1;-1;-1;-1;1;-1;1;-1;1;1;-1;-1;1;-1;1;-1;1
7,precision_2_timepoints_2.coo,16,20,1024,90,true,0.00424844095,0.00271073545,0.0,-10.0,-10.0,1.0,1;-1;-1;1;-1;1;-1;1;-1;-1;-1;1;-1;1;-1;1
7,precision_2_timepoints_3.coo,24,20,1024,90,true,0.004377806749999999,0.0027862398999999997,-2.089831575765001e-14,-17.0,-16.999999999999996,1.0,1;-1;-1;1;-1;1;-1;1;-1;-1;-1;1;-1;1;-1;1;1;-1;-1;1;-1;1;-1;1
7,precision_2_timepoints_4.coo,32,20,1024,90,true,0.0036058943,0.0027089068999999995,-1.4802973661668755e-14,-24.0,-23.999999999999996,1.0,1;-1;-1;1;-1;1;-1;1;-1;-1;-1;1;-1;1;-1;1;1;-1;-1;1;-1;1;-1;1;-1;-1;-1;1;-1;1;-1;1
7,precision_2_timepoints_5.coo,40,20,1024,90,true,0.0044503041,0.00269766895,-1.146036670580807e-14,-31.0,-30.999999999999996,1.0,1;-1;-1;1;-1;1;-1;1;-1;-1;-1;1;-1;1;-1;1;1;-1;-1;1;-1;1;-1;1;-1;-1;-1;1;-1;1;-1;1;1;-1;-1;1;-1;1;-1;1
7,precision_2_timepoints_2.coo,16,20,1024,100,true,0.0048304602,0.0031361570999999997,0.0,-10.0,-10.0,1.0,1;-1;-1;1;-1;1;-1;1;-1;-1;-1;1;-1;1;-1;1
7,precision_2_timepoints_3.coo,24,20,1024,100,true,0.005204240650000001,0.0034419265499999996,-2.089831575765001e-14,-17.0,-16.999999999999996,1.0,1;-1;-1;1;-1;1;-1;1;-1;-1;-1;1;-1;1;-1;1;1;-1;-1;1;-1;1;-1;1
7,precision_2_timepoints_4.coo,32,20,1024,100,true,0.004216686900000001,0.0032303616500000006,-1.4802973661668755e-14,-24.0,-23.999999999999996,1.0,1;-1;-1;1;-1;1;-1;1;-1;-1;-1;1;-1;1;-1;1;1;-1;-1;1;-1;1;-1;1;-1;-1;-1;1;-1;1;-1;1
7,precision_2_timepoints_5.coo,40,20,1024,100,true,0.00477813725,0.00301961005,-1.146036670580807e-14,-31.0,-30.999999999999996,1.0,1;-1;-1;1;-1;1;-1;1;-1;-1;-1;1;-1;1;-1;1;1;-1;-1;1;-1;1;-1;1;-1;-1;-1;1;-1;1;-1;1;1;-1;-1;1;-1;1;-1;1
7,precision_2_timepoints_2.coo,16,20,1024,200,true,0.007926262449999999,0.006982786099999999,0.0,-10.0,-10.0,1.0,1;-1;-1;1;-1;1;-1;1;-1;-1;-1;1;-1;1;-1;1
7,precision_2_timepoints_3.coo,24,20,1024,200,true,0.008506588499999999,0.0074813219,-2.089831575765001e-14,-17.0,-16.999999999999996,1.0,1;-1;-1;1;-1;1;-1;1;-1;-1;-1;1;-1;1;-1;1;1;-1;-1;1;-1;1;-1;1
7,precision_2_timepoints_4.coo,32,20,1024,200,true,0.008422864799999999,0.00739071095,-1.4802973661668755e-14,-24.0,-23.999999999999996,1.0,1;-1;-1;1;-1;1;-1;1;-1;-1;-1;1;-1;1;-1;1;1;-1;-1;1;-1;1;-1;1;-1;-1;-1;1;-1;1;-1;1
7,precision_2_timepoints_5.coo,40,20,1024,200,true,0.00892084585,0.00784156135,-1.146036670580807e-14,-31.0,-30.999999999999996,1.0,1;-1;-1;1;-1;1;-1;1;-1;-1;-1;1;-1;1;-1;1;1;-1;-1;1;-1;1;-1;1;-1;-1;-1;1;-1;1;-1;1;1;-1;-1;1;-1;1;-1;1
7,precision_2_timepoints_2.coo,16,20,1024,300,true,0.012380788850000001,0.01139589125,0.0,-10.0,-10.0,1.0,1;-1;-1;1;-1;1;-1;1;-1;-1;-1;1;-1;1;-1;1
7,precision_2_timepoints_3.coo,24,20,1024,300,true,0.011134207199999998,0.010104072099999998,-2.089831575765001e-14,-17.0,-16.999999999999996,1.0,1;-1;-1;1;-1;1;-1;1;-1;-1;-1;1;-1;1;-1;1;1;-1;-1;1;-1;1;-1;1
7,precision_2_timepoints_4.coo,32,20,1024,300,true,0.0126280194,0.011520980249999998,-1.4802973661668755e-14,-24.0,-23.999999999999996,1.0,1;-1;-1;1;-1;1;-1;1;-1;-1;-1;1;-1;1;-1;1;1;-1;-1;1;-1;1;-1;1;-1;-1;-1;1;-1;1;-1;1
7,precision_2_timepoints_5.coo,40,20,1024,300,true,0.01138105875,0.01022601825,-1.146036670580807e-14,-31.0,-30.999999999999996,1.0,1;-1;-1;1;-1;1;-1;1;-1;-1;-1;1;-1;1;-1;1;1;-1;-1;1;-1;1;-1;1;-1;-1;-1;1;-1;1;-1;1;1;-1;-1;1;-1;1;-1;1
7,precision_2_timepoints_2.coo,16,20,1024,400,true,0.015346315700000002,0.014246056950000002,0.0,-10.0,-10.0,1.0,1;-1;-1;1;-1;1;-1;1;-1;-1;-1;1;-1;1;-1;1
7,precision_2_timepoints_3.coo,24,20,1024,400,true,0.016582382649999998,0.015419526299999996,-2.089831575765001e-14,-17.0,-16.999999999999996,1.0,1;-1;-1;1;-1;1;-1;1;-1;-1;-1;1;-1;1;-1;1;1;-1;-1;1;-1;1;-1;1
7,precision_2_timepoints_4.coo,32,20,1024,400,true,0.016146039849999995,0.01492527585,-1.4802973661668755e-14,-24.0,-23.999999999999996,1.0,1;-1;-1;1;-1;1;-1;1;-1;-1;-1;1;-1;1;-1;1;1;-1;-1;1;-1;1;-1;1;-1;-1;-1;1;-1;1;-1;1
7,precision_2_timepoints_5.coo,40,20,1024,400,true,0.01541650675,0.014189256450000002,-1.146036670580807e-14,-31.0,-30.999999999999996,1.0,1;-1;-1;1;-1;1;-1;1;-1;-1;-1;1;-1;1;-1;1;1;-1;-1;1;-1;1;-1;1;-1;-1;-1;1;-1;1;-1;1;1;-1;-1;1;-1;1;-1;1
7,precision_2_timepoints_2.coo,16,20,1024,500,true,0.018832077650000004,0.017642540449999997,0.0,-10.0,-10.0,1.0,1;-1;-1;1;-1;1;-1;1;-1;-1;-1;1;-1;1;-1;1
7,precision_2_timepoints_3.coo,24,20,1024,500,true,0.01917970115,0.017958673300000005,-2.089831575765001e-14,-17.0,-16.999999999999996,1.0,1;-1;-1;1;-1;1;-1;1;-1;-1;-1;1;-1;1;-1;1;1;-1;-1;1;-1;1;-1;1
7,precision_2_timepoints_4.coo,32,20,1024,500,true,0.02029851975,0.019044191250000002,-1.4802973661668755e-14,-24.0,-23.999999999999996,1.0,1;-1;-1;1;-1;1;-1;1;-1;-1;-1;1;-1;1;-1;1;1;-1;-1;1;-1;1;-1;1;-1;-1;-1;1;-1;1;-1;1
7,precision_2_timepoints_5.coo,40,20,1024,500,true,0.01950305135,0.018133598650000003,-1.146036670580807e-14,-31.0,-30.999999999999996,1.0,1;-1;-1;1;-1;1;-1;1;-1;-1;-1;1;-1;1;-1;1;1;-1;-1;1;-1;1;-1;1;-1;-1;-1;1;-1;1;-1;1;1;-1;-1;1;-1;1;-1;1
7,precision_2_timepoints_2.coo,16,20,1024,600,true,0.02334831275,0.02210370825,0.0,-10.0,-10.0,1.0,1;-1;-1;1;-1;1;-1;1;-1;-1;-1;1;-1;1;-1;1
7,precision_2_timepoints_3.coo,24,20,1024,600,true,0.02223137815,0.020912855500000004,-2.089831575765001e-14,-17.0,-16.999999999999996,1.0,1;-1;-1;1;-1;1;-1;1;-1;-1;-1;1;-1;1;-1;1;1;-1;-1;1;-1;1;-1;1
7,precision_2_timepoints_4.coo,32,20,1024,600,true,0.0228039953,0.021431792250000005,-1.4802973661668755e-14,-24.0,-23.999999999999996,1.0,1;-1;-1;1;-1;1;-1;1;-1;-1;-1;1;-1;1;-1;1;1;-1;-1;1;-1;1;-1;1;-1;-1;-1;1;-1;1;-1;1
7,precision_2_timepoints_5.coo,40,20,1024,600,true,0.022962134899999997,0.021484036350000003,-1.146036670580807e-14,-31.0,-30.999999999999996,1.0,1;-1;-1;1;-1;1;-1;1;-1;-1;-1;1;-1;1;-1;1;1;-1;-1;1;-1;1;-1;1;-1;-1;-1;1;-1;1;-1;1;1;-1;-1;1;-1;1;-1;1
7,precision_2_timepoints_2.coo,16,20,1024,700,true,0.02678641265,0.025340606199999997,0.0,-10.0,-10.0,1.0,1;-1;-1;1;-1;1;-1;1;-1;-1;-1;1;-1;1;-1;1
7,precision_2_timepoints_3.coo,24,20,1024,700,true,0.02661960725,0.025258806449999997,-2.089831575765001e-14,-17.0,-16.999999999999996,1.0,1;-1;-1;1;-1;1;-1;1;-1;-1;-1;1;-1;1;-1;1;1;-1;-1;1;-1;1;-1;1
7,precision_2_timepoints_4.coo,32,20,1024,700,true,0.026027050349999997,0.024511786700000003,-1.4802973661668755e-14,-24.0,-23.999999999999996,1.0,1;-1;-1;1;-1;1;-1;1;-1;-1;-1;1;-1;1;-1;1;1;-1;-1;1;-1;1;-1;1;-1;-1;-1;1;-1;1;-1;1
7,precision_2_timepoints_5.coo,40,20,1024,700,true,0.026559217999999996,0.025017841899999997,-1.146036670580807e-14,-31.0,-30.999999999999996,1.0,1;-1;-1;1;-1;1;-1;1;-1;-1;-1;1;-1;1;-1;1;1;-1;-1;1;-1;1;-1;1;-1;-1;-1;1;-1;1;-1;1;1;-1;-1;1;-1;1;-1;1
7,precision_2_timepoints_2.coo,16,20,1024,800,true,0.03086200659999999,0.0293273057,0.0,-10.0,-10.0,1.0,1;-1;-1;1;-1;1;-1;1;-1;-1;-1;1;-1;1;-1;1
7,precision_2_timepoints_3.coo,24,20,1024,800,true,0.029710162000000002,0.028172186350000007,-2.089831575765001e-14,-17.0,-16.999999999999996,1.0,1;-1;-1;1;-1;1;-1;1;-1;-1;-1;1;-1;1;-1;1;1;-1;-1;1;-1;1;-1;1
7,precision_2_timepoints_4.coo,32,20,1024,800,true,0.030234214549999992,0.028674686100000006,-1.4802973661668755e-14,-24.0,-23.999999999999996,1.0,1;-1;-1;1;-1;1;-1;1;-1;-1;-1;1;-1;1;-1;1;1;-1;-1;1;-1;1;-1;1;-1;-1;-1;1;-1;1;-1;1
7,precision_2_timepoints_5.coo,40,20,1024,800,true,0.030133375549999997,0.02851537149999999,-1.146036670580807e-14,-31.0,-30.999999999999996,1.0,1;-1;-1;1;-1;1;-1;1;-1;-1;-1;1;-1;1;-1;1;1;-1;-1;1;-1;1;-1;1;-1;-1;-1;1;-1;1;-1;1;1;-1;-1;1;-1;1;-1;1
7,precision_2_timepoints_2.coo,16,20,1024,900,true,0.03414586804999999,0.0324702336,0.0,-10.0,-10.0,1.0,1;-1;-1;1;-1;1;-1;1;-1;-1;-1;1;-1;1;-1;1
7,precision_2_timepoints_3.coo,24,20,1024,900,true,0.0340798566,0.032400868,-2.089831575765001e-14,-17.0,-16.999999999999996,1.0,1;-1;-1;1;-1;1;-1;1;-1;-1;-1;1;-1;1;-1;1;1;-1;-1;1;-1;1;-1;1
7,precision_2_timepoints_4.coo,32,20,1024,900,true,0.0346890433,0.03291352389999999,-1.4802973661668755e-14,-24.0,-23.999999999999996,1.0,1;-1;-1;1;-1;1;-1;1;-1;-1;-1;1;-1;1;-1;1;1;-1;-1;1;-1;1;-1;1;-1;-1;-1;1;-1;1;-1;1
7,precision_2_timepoints_5.coo,40,20,1024,900,true,0.03268471575,0.0308461726,-1.146036670580807e-14,-31.0,-30.999999999999996,1.0,1;-1;-1;1;-1;1;-1;1;-1;-1;-1;1;-1;1;-1;1;1;-1;-1;1;-1;1;-1;1;-1;-1;-1;1;-1;1;-1;1;1;-1;-1;1;-1;1;-1;1
7,precision_2_timepoints_2.coo,16,20,1024,1000,true,0.03864559295,0.03671797725,0.0,-10.0,-10.0,1.0,1;-1;-1;1;-1;1;-1;1;-1;-1;-1;1;-1;1;-1;1
7,precision_2_timepoints_3.coo,24,20,1024,1000,true,0.03665454855,0.0348304935,-2.089831575765001e-14,-17.0,-16.999999999999996,1.0,1;-1;-1;1;-1;1;-1;1;-1;-1;-1;1;-1;1;-1;1;1;-1;-1;1;-1;1;-1;1
7,precision_2_timepoints_4.coo,32,20,1024,1000,true,0.037619584049999995,0.034609244649999996,-1.4802973661668755e-14,-24.0,-23.999999999999996,1.0,1;-1;-1;1;-1;1;-1;1;-1;-1;-1;1;-1;1;-1;1;1;-1;-1;1;-1;1;-1;1;-1;-1;-1;1;-1;1;-1;1
7,precision_2_timepoints_5.coo,40,20,1024,1000,true,0.037774278349999996,0.035811952400000006,-1.146036670580807e-14,-31.0,-30.999999999999996,1.0,1;-1;-1;1;-1;1;-1;1;-1;-1;-1;1;-1;1;-1;1;1;-1;-1;1;-1;1;-1;1;-1;-1;-1;1;-1;1;-1;1;1;-1;-1;1;-1;1;-1;1
7,precision_2_timepoints_2.coo,16,20,1024,2000,true,0.07344357779999999,0.0713702401,0.0,-10.0,-10.0,1.0,1;-1;-1;1;-1;1;-1;1;-1;-1;-1;1;-1;1;-1;1
7,precision_2_timepoints_3.coo,24,20,1024,2000,true,0.07355865684999999,0.07149753404999999,-2.089831575765001e-14,-17.0,-16.999999999999996,1.0,1;-1;-1;1;-1;1;-1;1;-1;-1;-1;1;-1;1;-1;1;1;-1;-1;1;-1;1;-1;1
7,precision_2_timepoints_4.coo,32,20,1024,2000,true,0.07373744265000001,0.07152836635,-1.4802973661668755e-14,-24.0,-23.999999999999996,1.0,1;-1;-1;1;-1;1;-1;1;-1;-1;-1;1;-1;1;-1;1;1;-1;-1;1;-1;1;-1;1;-1;-1;-1;1;-1;1;-1;1
7,precision_2_timepoints_5.coo,40,20,1024,2000,true,0.0730707635,0.07082872804999998,-1.146036670580807e-14,-31.0,-30.999999999999996,1.0,1;-1;-1;1;-1;1;-1;1;-1;-1;-1;1;-1;1;-1;1;1;-1;-1;1;-1;1;-1;1;-1;-1;-1;1;-1;1;-1;1;1;-1;-1;1;-1;1;-1;1
7,precision_2_timepoints_2.coo,16,20,1024,3000,true,0.10988820675,0.10760598059999997,0.0,-10.0,-10.0,1.0,1;-1;-1;1;-1;1;-1;1;-1;-1;-1;1;-1;1;-1;1
7,precision_2_timepoints_3.coo,24,20,1024,3000,true,0.11063786619999998,0.1068920918,-2.089831575765001e-14,-17.0,-16.999999999999996,1.0,1;-1;-1;1;-1;1;-1;1;-1;-1;-1;1;-1;1;-1;1;1;-1;-1;1;-1;1;-1;1
7,precision_2_timepoints_4.coo,32,20,1024,3000,true,0.11236241040000002,0.1031951122,-1.4802973661668755e-14,-24.0,-23.999999999999996,1.0,1;-1;-1;1;-1;1;-1;1;-1;-1;-1;1;-1;1;-1;1;1;-1;-1;1;-1;1;-1;1;-1;-1;-1;1;-1;1;-1;1
7,precision_2_timepoints_5.coo,40,20,1024,3000,true,0.11388623884999997,0.09487401035000001,-1.146036670580807e-14,-31.0,-30.999999999999996,1.0,1;-1;-1;1;-1;1;-1;1;-1;-1;-1;1;-1;1;-1;1;1;-1;-1;1;-1;1;-1;1;-1;-1;-1;1;-1;1;-1;1;1;-1;-1;1;-1;1;-1;1
7,precision_2_timepoints_2.coo,16,20,1024,4000,true,0.14920863415,0.12595315135000001,0.0,-10.0,-10.0,1.0,1;-1;-1;1;-1;1;-1;1;-1;-1;-1;1;-1;1;-1;1
7,precision_2_timepoints_3.coo,24,20,1024,4000,true,0.18976285055000003,0.16728440739999997,-2.089831575765001e-14,-17.0,-16.999999999999996,1.0,1;-1;-1;1;-1;1;-1;1;-1;-1;-1;1;-1;1;-1;1;1;-1;-1;1;-1;1;-1;1
7,precision_2_timepoints_4.coo,32,20,1024,4000,true,0.14085410959999997,0.13968519959999998,-1.4802973661668755e-14,-24.0,-23.999999999999996,1.0,1;-1;-1;1;-1;1;-1;1;-1;-1;-1;1;-1;1;-1;1;1;-1;-1;1;-1;1;-1;1;-1;-1;-1;1;-1;1;-1;1
7,precision_2_timepoints_5.coo,40,20,1024,4000,true,0.14136196539999996,0.14006884684999998,-1.146036670580807e-14,-31.0,-30.999999999999996,1.0,1;-1;-1;1;-1;1;-1;1;-1;-1;-1;1;-1;1;-1;1;1;-1;-1;1;-1;1;-1;1;-1;-1;-1;1;-1;1;-1;1;1;-1;-1;1;-1;1;-1;1
7,precision_2_timepoints_2.coo,16,20,1024,5000,true,0.1759622785,0.1745892458,0.0,-10.0,-10.0,1.0,1;-1;-1;1;-1;1;-1;1;-1;-1;-1;1;-1;1;-1;1
7,precision_2_timepoints_3.coo,24,20,1024,5000,true,0.18109113105,0.1689331673,-2.089831575765001e-14,-17.0,-16.999999999999996,1.0,1;-1;-1;1;-1;1;-1;1;-1;-1;-1;1;-1;1;-1;1;1;-1;-1;1;-1;1;-1;1
7,precision_2_timepoints_4.coo,32,20,1024,5000,true,0.18927699055000002,0.1780449694,-1.4802973661668755e-14,-24.0,-23.999999999999996,1.0,1;-1;-1;1;-1;1;-1;1;-1;-1;-1;1;-1;1;-1;1;1;-1;-1;1;-1;1;-1;1;-1;-1;-1;1;-1;1;-1;1
7,precision_2_timepoints_5.coo,40,20,1024,5000,true,0.24406518894999998,0.2294410903,-1.146036670580807e-14,-31.0,-30.999999999999996,1.0,1;-1;-1;1;-1;1;-1;1;-1;-1;-1;1;-1;1;-1;1;1;-1;-1;1;-1;1;-1;1;-1;-1;-1;1;-1;1;-1;1;1;-1;-1;1;-1;1;-1;1
7,precision_2_timepoints_2.coo,16,20,1024,6000,true,0.2791866996,0.25966847519999997,0.0,-10.0,-10.0,1.0,1;-1;-1;1;-1;1;-1;1;-1;-1;-1;1;-1;1;-1;1
7,precision_2_timepoints_3.coo,24,20,1024,6000,true,0.21279721464999998,0.2115281269,-2.089831575765001e-14,-17.0,-16.999999999999996,1.0,1;-1;-1;1;-1;1;-1;1;-1;-1;-1;1;-1;1;-1;1;1;-1;-1;1;-1;1;-1;1
7,precision_2_timepoints_4.coo,32,20,1024,6000,true,0.2127304229,0.2112865051,-1.4802973661668755e-14,-24.0,-23.999999999999996,1.0,1;-1;-1;1;-1;1;-1;1;-1;-1;-1;1;-1;1;-1;1;1;-1;-1;1;-1;1;-1;1;-1;-1;-1;1;-1;1;-1;1
7,precision_2_timepoints_5.coo,40,20,1024,6000,true,0.2183792698,0.2057771632,-1.146036670580807e-14,-31.0,-30.999999999999996,1.0,1;-1;-1;1;-1;1;-1;1;-1;-1;-1;1;-1;1;-1;1;1;-1;-1;1;-1;1;-1;1;-1;-1;-1;1;-1;1;-1;1;1;-1;-1;1;-1;1;-1;1
7,precision_2_timepoints_2.coo,16,20,1024,7000,true,0.25388897995000004,0.24031786535,0.0,-10.0,-10.0,1.0,1;-1;-1;1;-1;1;-1;1;-1;-1;-1;1;-1;1;-1;1
7,precision_2_timepoints_3.coo,24,20,1024,7000,true,0.2699160814,0.25634044229999997,-2.089831575765001e-14,-17.0,-16.999999999999996,1.0,1;-1;-1;1;-1;1;-1;1;-1;-1;-1;1;-1;1;-1;1;1;-1;-1;1;-1;1;-1;1
7,precision_2_timepoints_4.coo,32,20,1024,7000,true,0.3493666405,0.33487509325000003,-1.4802973661668755e-14,-24.0,-23.999999999999996,1.0,1;-1;-1;1;-1;1;-1;1;-1;-1;-1;1;-1;1;-1;1;1;-1;-1;1;-1;1;-1;1;-1;-1;-1;1;-1;1;-1;1
7,precision_2_timepoints_5.coo,40,20,1024,7000,true,0.36495303385,0.35010193115,-1.146036670580807e-14,-31.0,-30.999999999999996,1.0,1;-1;-1;1;-1;1;-1;1;-1;-1;-1;1;-1;1;-1;1;1;-1;-1;1;-1;1;-1;1;-1;-1;-1;1;-1;1;-1;1;1;-1;-1;1;-1;1;-1;1
7,precision_2_timepoints_2.coo,16,20,1024,8000,true,0.2805582892,0.2782228543,0.0,-10.0,-10.0,1.0,1;-1;-1;1;-1;1;-1;1;-1;-1;-1;1;-1;1;-1;1
7,precision_2_timepoints_3.coo,24,20,1024,8000,true,0.27961449395,0.2753989713499999,-2.089831575765001e-14,-17.0,-16.999999999999996,1.0,1;-1;-1;1;-1;1;-1;1;-1;-1;-1;1;-1;1;-1;1;1;-1;-1;1;-1;1;-1;1
7,precision_2_timepoints_4.coo,32,20,1024,8000,true,0.28800498674999997,0.26983356095,-1.4802973661668755e-14,-24.0,-23.999999999999996,1.0,1;-1;-1;1;-1;1;-1;1;-1;-1;-1;1;-1;1;-1;1;1;-1;-1;1;-1;1;-1;1;-1;-1;-1;1;-1;1;-1;1
7,precision_2_timepoints_5.coo,40,20,1024,8000,true,0.29007550790000003,0.27122360060000006,-1.146036670580807e-14,-31.0,-30.999999999999996,1.0,1;-1;-1;1;-1;1;-1;1;-1;-1;-1;1;-1;1;-1;1;1;-1;-1;1;-1;1;-1;1;-1;-1;-1;1;-1;1;-1;1;1;-1;-1;1;-1;1;-1;1
7,precision_2_timepoints_2.coo,16,20,1024,9000,true,0.32827231145,0.304664954,0.0,-10.0,-10.0,1.0,1;-1;-1;1;-1;1;-1;1;-1;-1;-1;1;-1;1;-1;1
7,precision_2_timepoints_3.coo,24,20,1024,9000,true,0.3363145619,0.33061440210000004,-2.089831575765001e-14,-17.0,-16.999999999999996,1.0,1;-1;-1;1;-1;1;-1;1;-1;-1;-1;1;-1;1;-1;1;1;-1;-1;1;-1;1;-1;1
7,precision_2_timepoints_4.coo,32,20,1024,9000,true,0.32002368594999997,0.31680422350000004,-1.4802973661668755e-14,-24.0,-23.999999999999996,1.0,1;-1;-1;1;-1;1;-1;1;-1;-1;-1;1;-1;1;-1;1;1;-1;-1;1;-1;1;-1;1;-1;-1;-1;1;-1;1;-1;1
7,precision_2_timepoints_5.coo,40,20,1024,9000,true,0.38518039675000004,0.37229245915,-1.146036670580807e-14,-31.0,-30.999999999999996,1.0,1;-1;-1;1;-1;1;-1;1;-1;-1;-1;1;-1;1;-1;1;1;-1;-1;1;-1;1;-1;1;-1;-1;-1;1;-1;1;-1;1;1;-1;-1;1;-1;1;-1;1
7,precision_2_timepoints_2.coo,16,20,1024,10000,true,0.4057822365,0.3957135486,0.0,-10.0,-10.0,1.0,1;-1;-1;1;-1;1;-1;1;-1;-1;-1;1;-1;1;-1;1
7,precision_2_timepoints_3.coo,24,20,1024,10000,true,0.5033489193500001,0.49463595765,-2.089831575765001e-14,-17.0,-16.999999999999996,1.0,1;-1;-1;1;-1;1;-1;1;-1;-1;-1;1;-1;1;-1;1;1;-1;-1;1;-1;1;-1;1
7,precision_2_timepoints_4.coo,32,20,1024,10000,true,0.5222510107500001,0.5121254925000001,-1.4802973661668755e-14,-24.0,-23.999999999999996,1.0,1;-1;-1;1;-1;1;-1;1;-1;-1;-1;1;-1;1;-1;1;1;-1;-1;1;-1;1;-1;1;-1;-1;-1;1;-1;1;-1;1
7,precision_2_timepoints_5.coo,40,20,1024,10000,true,0.51925402415,0.50519484645,-1.146036670580807e-14,-31.0,-30.999999999999996,1.0,1;-1;-1;1;-1;1;-1;1;-1;-1;-1;1;-1;1;-1;1;1;-1;-1;1;-1;1;-1;1;-1;-1;-1;1;-1;1;-1;1;1;-1;-1;1;-1;1;-1;1
